Identifiant;Modèle;Format;Fichier;Position
account.decimal_payment;decimal.precision;XML;addons/account/data/account_data.xml;(//record)[1]
account.action_open_settings;ir.actions.act_window;XML;addons/account/data/account_data.xml;(//record)[2]
account.account_tag_operating;account.account.tag;XML;addons/account/data/account_data.xml;(//record)[3]
account.account_tag_financing;account.account.tag;XML;addons/account/data/account_data.xml;(//record)[4]
account.account_tag_investing;account.account.tag;XML;addons/account/data/account_data.xml;(//record)[5]
account.account_payment_term_immediate;account.payment.term;XML;addons/account/data/account_data.xml;(//record)[6]
account.account_payment_term_15days;account.payment.term;XML;addons/account/data/account_data.xml;(//record)[7]
account.account_payment_term_21days;account.payment.term;XML;addons/account/data/account_data.xml;(//record)[8]
account.account_payment_term_30days;account.payment.term;XML;addons/account/data/account_data.xml;(//record)[9]
account.account_payment_term_45days;account.payment.term;XML;addons/account/data/account_data.xml;(//record)[10]
account.account_payment_term_end_following_month;account.payment.term;XML;addons/account/data/account_data.xml;(//record)[11]
account.account_payment_term_30_days_end_month_the_10;account.payment.term;XML;addons/account/data/account_data.xml;(//record)[12]
account.account_payment_term_advance_60days;account.payment.term;XML;addons/account/data/account_data.xml;(//record)[13]
account.account_payment_term_30days_early_discount;account.payment.term;XML;addons/account/data/account_data.xml;(//record)[14]
account.account_payment_term_90days_on_the_10th;account.payment.term;XML;addons/account/data/account_data.xml;(//record)[15]
account.mt_invoice_validated;mail.message.subtype;XML;addons/account/data/account_data.xml;(//record)[16]
account.mt_invoice_paid;mail.message.subtype;XML;addons/account/data/account_data.xml;(//record)[17]
account.mt_invoice_created;mail.message.subtype;XML;addons/account/data/account_data.xml;(//record)[18]
account.account_payment_method_manual_in;account.payment.method;XML;addons/account/data/account_data.xml;(//record)[19]
account.account_payment_method_manual_out;account.payment.method;XML;addons/account/data/account_data.xml;(//record)[20]
account.model_account_move_action_share;ir.actions.server;XML;addons/account/data/account_data.xml;(//record)[21]
account.incoterm_EXW;account.incoterms;XML;addons/account/data/account_incoterms_data.xml;(//record)[1]
account.incoterm_FCA;account.incoterms;XML;addons/account/data/account_incoterms_data.xml;(//record)[2]
account.incoterm_FAS;account.incoterms;XML;addons/account/data/account_incoterms_data.xml;(//record)[3]
account.incoterm_FOB;account.incoterms;XML;addons/account/data/account_incoterms_data.xml;(//record)[4]
account.incoterm_CFR;account.incoterms;XML;addons/account/data/account_incoterms_data.xml;(//record)[5]
account.incoterm_CIF;account.incoterms;XML;addons/account/data/account_incoterms_data.xml;(//record)[6]
account.incoterm_CPT;account.incoterms;XML;addons/account/data/account_incoterms_data.xml;(//record)[7]
account.incoterm_CIP;account.incoterms;XML;addons/account/data/account_incoterms_data.xml;(//record)[8]
account.incoterm_DPU;account.incoterms;XML;addons/account/data/account_incoterms_data.xml;(//record)[9]
account.incoterm_DAP;account.incoterms;XML;addons/account/data/account_incoterms_data.xml;(//record)[10]
account.incoterm_DDP;account.incoterms;XML;addons/account/data/account_incoterms_data.xml;(//record)[11]
account.generic_tax_report;account.report;XML;addons/account/data/account_reports_data.xml;(//record)[1]
account.generic_tax_report_column_net;account.report.column;XML;addons/account/data/account_reports_data.xml;(//record)[2]
account.generic_tax_report_column_tax;account.report.column;XML;addons/account/data/account_reports_data.xml;(//record)[3]
account.generic_tax_report_account_tax;account.report;XML;addons/account/data/account_reports_data.xml;(//record)[4]
account.generic_tax_report_account_tax_column_net;account.report.column;XML;addons/account/data/account_reports_data.xml;(//record)[5]
account.generic_tax_report_account_tax_column_tax;account.report.column;XML;addons/account/data/account_reports_data.xml;(//record)[6]
account.generic_tax_report_tax_account;account.report;XML;addons/account/data/account_reports_data.xml;(//record)[7]
account.generic_tax_report_tax_account_column_net;account.report.column;XML;addons/account/data/account_reports_data.xml;(//record)[8]
account.generic_tax_report_tax_account_column_tax;account.report.column;XML;addons/account/data/account_reports_data.xml;(//record)[9]
account.account_tour;web_tour.tour;XML;addons/account/data/account_tour.xml;(//record)[1]
digest.digest_digest_default;digest.digest;XML;addons/account/data/digest_data.xml;(//record)[1]
account.digest_tip_account_0;digest.tip;XML;addons/account/data/digest_data.xml;(//record)[2]
account.digest_tip_account_1;digest.tip;XML;addons/account/data/digest_data.xml;(//record)[3]
account.product_name_similarity_threshold;ir.config_parameter;XML;addons/account/data/ir_config_parameter_data.xml;(//record)[1]
account.seq_account_payment;ir.sequence;XML;addons/account/data/ir_sequence.xml;(//record)[1]
account.email_template_edi_invoice;mail.template;XML;addons/account/data/mail_template_data.xml;(//record)[1]
account.mail_template_data_payment_receipt;mail.template;XML;addons/account/data/mail_template_data.xml;(//record)[2]
account.email_template_edi_credit_note;mail.template;XML;addons/account/data/mail_template_data.xml;(//record)[3]
account.email_template_edi_self_billing_invoice;mail.template;XML;addons/account/data/mail_template_data.xml;(//record)[4]
account.email_template_edi_self_billing_credit_note;mail.template;XML;addons/account/data/mail_template_data.xml;(//record)[5]
account.mail_template_einvoice_notification;mail.template;XML;addons/account/data/mail_template_data.xml;(//record)[6]
account.mail_template_invoice_subscriber;mail.template;XML;addons/account/data/mail_template_data.xml;(//record)[7]
account.onboarding_onboarding_step_company_data;onboarding.onboarding.step;XML;addons/account/data/onboarding_data.xml;(//record)[1]
account.onboarding_onboarding_step_base_document_layout;onboarding.onboarding.step;XML;addons/account/data/onboarding_data.xml;(//record)[2]
account.onboarding_onboarding_step_fiscal_year;onboarding.onboarding.step;XML;addons/account/data/onboarding_data.xml;(//record)[3]
account.onboarding_onboarding_step_chart_of_accounts;onboarding.onboarding.step;XML;addons/account/data/onboarding_data.xml;(//record)[4]
account.onboarding_onboarding_step_sales_tax;onboarding.onboarding.step;XML;addons/account/data/onboarding_data.xml;(//record)[5]
account.onboarding_onboarding_account_dashboard;onboarding.onboarding;XML;addons/account/data/onboarding_data.xml;(//record)[6]
account.europe_vat;res.country.group;XML;addons/account/data/res_country_group.xml;(//record)[1]
account.intrastat;res.country.group;XML;addons/account/data/res_country_group.xml;(//record)[2]
account.ir_cron_auto_post_draft_entry;ir.cron;XML;addons/account/data/service_cron.xml;(//record)[1]
account.ir_cron_account_move_send;ir.cron;XML;addons/account/data/service_cron.xml;(//record)[2]
account.current_assets;account.account;CSV;addons/account/data/template/account.account-generic_coa.csv;row-2
account.stock_valuation;account.account;CSV;addons/account/data/template/account.account-generic_coa.csv;row-3
account.cost_of_production;account.account;CSV;addons/account/data/template/account.account-generic_coa.csv;row-4
account.wip;account.account;CSV;addons/account/data/template/account.account-generic_coa.csv;row-5
account.receivable;account.account;CSV;addons/account/data/template/account.account-generic_coa.csv;row-6
account.to_receive_rec;account.account;CSV;addons/account/data/template/account.account-generic_coa.csv;row-7
account.owner_current_account;account.account;CSV;addons/account/data/template/account.account-generic_coa.csv;row-8
account.prepaid_expenses;account.account;CSV;addons/account/data/template/account.account-generic_coa.csv;row-9
account.tax_paid;account.account;CSV;addons/account/data/template/account.account-generic_coa.csv;row-10
account.tax_receivable;account.account;CSV;addons/account/data/template/account.account-generic_coa.csv;row-11
account.prepayments;account.account;CSV;addons/account/data/template/account.account-generic_coa.csv;row-12
account.fixed_assets;account.account;CSV;addons/account/data/template/account.account-generic_coa.csv;row-13
account.non_current_assets;account.account;CSV;addons/account/data/template/account.account-generic_coa.csv;row-14
account.current_liabilities;account.account;CSV;addons/account/data/template/account.account-generic_coa.csv;row-15
account.payable;account.account;CSV;addons/account/data/template/account.account-generic_coa.csv;row-16
account.to_receive_pay;account.account;CSV;addons/account/data/template/account.account-generic_coa.csv;row-17
account.deferred_revenue;account.account;CSV;addons/account/data/template/account.account-generic_coa.csv;row-18
account.salary_payable;account.account;CSV;addons/account/data/template/account.account-generic_coa.csv;row-19
account.employee_payroll_taxes;account.account;CSV;addons/account/data/template/account.account-generic_coa.csv;row-20
account.employer_payroll_taxes;account.account;CSV;addons/account/data/template/account.account-generic_coa.csv;row-21
account.tax_received;account.account;CSV;addons/account/data/template/account.account-generic_coa.csv;row-22
account.tax_payable;account.account;CSV;addons/account/data/template/account.account-generic_coa.csv;row-23
account.non_current_liabilities;account.account;CSV;addons/account/data/template/account.account-generic_coa.csv;row-24
account.capital;account.account;CSV;addons/account/data/template/account.account-generic_coa.csv;row-25
account.dividends;account.account;CSV;addons/account/data/template/account.account-generic_coa.csv;row-26
account.income;account.account;CSV;addons/account/data/template/account.account-generic_coa.csv;row-27
account.income_currency_exchange;account.account;CSV;addons/account/data/template/account.account-generic_coa.csv;row-28
account.cash_diff_income;account.account;CSV;addons/account/data/template/account.account-generic_coa.csv;row-29
account.cash_discount_loss;account.account;CSV;addons/account/data/template/account.account-generic_coa.csv;row-30
account.other_income;account.account;CSV;addons/account/data/template/account.account-generic_coa.csv;row-31
account.cost_of_goods_sold;account.account;CSV;addons/account/data/template/account.account-generic_coa.csv;row-32
account.expense;account.account;CSV;addons/account/data/template/account.account-generic_coa.csv;row-33
account.stock_variation;account.account;CSV;addons/account/data/template/account.account-generic_coa.csv;row-34
account.expense_invest;account.account;CSV;addons/account/data/template/account.account-generic_coa.csv;row-35
account.expense_rent;account.account;CSV;addons/account/data/template/account.account-generic_coa.csv;row-36
account.expense_finance;account.account;CSV;addons/account/data/template/account.account-generic_coa.csv;row-37
account.expense_salary;account.account;CSV;addons/account/data/template/account.account-generic_coa.csv;row-38
account.expense_currency_exchange;account.account;CSV;addons/account/data/template/account.account-generic_coa.csv;row-39
account.cash_diff_expense;account.account;CSV;addons/account/data/template/account.account-generic_coa.csv;row-40
account.cash_discount_gain;account.account;CSV;addons/account/data/template/account.account-generic_coa.csv;row-41
account.expense_rd;account.account;CSV;addons/account/data/template/account.account-generic_coa.csv;row-42
account.expense_sales;account.account;CSV;addons/account/data/template/account.account-generic_coa.csv;row-43
account.pos_receivable;account.account;CSV;addons/account/data/template/account.account-generic_coa.csv;row-44
account.credit_card;account.account;CSV;addons/account/data/template/account.account-generic_coa.csv;row-45
account.profit_or_loss;account.account;CSV;addons/account/data/template/account.account-generic_coa.csv;row-46
account.retained_earnings;account.account;CSV;addons/account/data/template/account.account-generic_coa.csv;row-47
account.template_generic_domestic_fiscal_position;account.fiscal.position;CSV;addons/account/data/template/account.fiscal.position-generic_coa.csv;row-2
account.template_generic_export_fiscal_position;account.fiscal.position;CSV;addons/account/data/template/account.fiscal.position-generic_coa.csv;row-3
account.sale_tax_template;account.tax;CSV;addons/account/data/template/account.tax-generic_coa.csv;rows-2-5
account.purchase_tax_template;account.tax;CSV;addons/account/data/template/account.tax-generic_coa.csv;rows-6-9
account.sale_export_tax_template;account.tax;CSV;addons/account/data/template/account.tax-generic_coa.csv;rows-10-13
account.purchase_import_tax_template;account.tax;CSV;addons/account/data/template/account.tax-generic_coa.csv;rows-14-17
account.tax_group_15;account.tax.group;CSV;addons/account/data/template/account.tax.group-generic_coa.csv;row-2
account.tax_group_0;account.tax.group;CSV;addons/account/data/template/account.tax.group-generic_coa.csv;row-3
